,draw rate 2016,draw rate 2017,draw rate 2018,draw rate 2019,draw rate 2020,current streak,streak*rate
Port Vale,0.21875,0.33333333,0.3125,0.23214286,0.23076923,11.0,2.5384615299999997
Weymouth,0.30434783,0.29166667,0.25581395,0.23529412,0.29411765,6.0,1.7647059
